[{"id":8,"title":"ProductManagerA5","description":"descripcion producto5","price":50,"thumbnail":"Sin Imagen","stock":60,"code":5004},{"id":9,"title":"ProductManagerA6","description":"descripcion producto6","price":60,"thumbnail":"Sin Imagen","stock":50,"code":6005},{"id":10,"title":"ProductManagerA7","description":"descripcion producto7","price":70,"thumbnail":"Sin Imagen","stock":40,"code":7006},{"id":11,"title":"ProductManagerA8","description":"descripcion producto8","price":80,"thumbnail":"Sin Imagen","stock":30,"code":8007},{"id":12,"title":"ProductManagerA9","description":"descripcion producto9","price":"90","thumbnail":"Sin Imagen","stock":"20","code":"9008"},{"id":13,"title":"ProductManagerA10","description":"descripcion producto10","price":"90","thumbnail":"Sin Imagen","stock":"20","code":"90099"}]